filename,class,xmin,ymin,xmax,ymax
0cfdc227-d016-4279-b8d1-b25d8ea95db1,hotspot,95,311,153,382
0cfdc227-d016-4279-b8d1-b25d8ea95db1,hotspot,165,33,201,62
0dc84bb7-a19d-4a33-9efa-030557b455d6,diode,280,239,288,267
0fe80d23-d97c-4d47-8e29-648b896e331d,hotspot,87,356,146,415
0fe80d23-d97c-4d47-8e29-648b896e331d,hotspot,164,79,201,108
10f77190-e26a-4b7f-9eab-65b6fbe3546d,diode,249,212,254,224
10f77190-e26a-4b7f-9eab-65b6fbe3546d,diode,201,137,206,147
10f77190-e26a-4b7f-9eab-65b6fbe3546d,diode,138,142,142,153
10f77190-e26a-4b7f-9eab-65b6fbe3546d,diode,289,151,294,162
10f77190-e26a-4b7f-9eab-65b6fbe3546d,diode,298,150,302,161
10f77190-e26a-4b7f-9eab-65b6fbe3546d,diode,258,211,263,224
10f77190-e26a-4b7f-9eab-65b6fbe3546d,diode,245,228,250,241
10f77190-e26a-4b7f-9eab-65b6fbe3546d,diode,344,204,350,217
10f77190-e26a-4b7f-9eab-65b6fbe3546d,diode,232,229,237,242
10f77190-e26a-4b7f-9eab-65b6fbe3546d,diode,245,212,250,224
10f77190-e26a-4b7f-9eab-65b6fbe3546d,diode,66,228,71,242
10f77190-e26a-4b7f-9eab-65b6fbe3546d,diode,325,147,330,158
10f77190-e26a-4b7f-9eab-65b6fbe3546d,diode,320,220,326,234
10f77190-e26a-4b7f-9eab-65b6fbe3546d,diode,281,152,286,162
10f77190-e26a-4b7f-9eab-65b6fbe3546d,diode,340,221,347,234
10f77190-e26a-4b7f-9eab-65b6fbe3546d,diode,152,221,157,235
10f77190-e26a-4b7f-9eab-65b6fbe3546d,diode,336,220,343,234
10f77190-e26a-4b7f-9eab-65b6fbe3546d,diode,242,228,247,241
10f77190-e26a-4b7f-9eab-65b6fbe3546d,diode,145,222,150,235
10f77190-e26a-4b7f-9eab-65b6fbe3546d,diode,192,308,198,325
10f77190-e26a-4b7f-9eab-65b6fbe3546d,diode,340,206,347,218
10f77190-e26a-4b7f-9eab-65b6fbe3546d,diode,145,313,151,331
10f77190-e26a-4b7f-9eab-65b6fbe3546d,diode,216,230,221,244
10f77190-e26a-4b7f-9eab-65b6fbe3546d,diode,145,141,150,152
10f77190-e26a-4b7f-9eab-65b6fbe3546d,diode,232,214,237,226
10f77190-e26a-4b7f-9eab-65b6fbe3546d,diode,162,221,167,234
10f77190-e26a-4b7f-9eab-65b6fbe3546d,diode,162,312,168,329
10f77190-e26a-4b7f-9eab-65b6fbe3546d,diode,277,209,282,222
10f77190-e26a-4b7f-9eab-65b6fbe3546d,diode,293,208,298,221
10f77190-e26a-4b7f-9eab-65b6fbe3546d,diode,249,227,254,240
10f77190-e26a-4b7f-9eab-65b6fbe3546d,diode,98,319,104,337
10f77190-e26a-4b7f-9eab-65b6fbe3546d,diode,325,206,331,218
10f77190-e26a-4b7f-9eab-65b6fbe3546d,diode,128,316,134,333
10f77190-e26a-4b7f-9eab-65b6fbe3546d,diode,304,207,309,220
10f77190-e26a-4b7f-9eab-65b6fbe3546d,diode,113,345,120,363
10f77190-e26a-4b7f-9eab-65b6fbe3546d,diode,169,311,175,328
10f77190-e26a-4b7f-9eab-65b6fbe3546d,diode,72,228,78,242
10f77190-e26a-4b7f-9eab-65b6fbe3546d,diode,329,205,334,218
10f77190-e26a-4b7f-9eab-65b6fbe3546d,diode,337,205,343,218
10f77190-e26a-4b7f-9eab-65b6fbe3546d,diode,167,311,173,329
10f77190-e26a-4b7f-9eab-65b6fbe3546d,diode,261,210,266,223
10f77190-e26a-4b7f-9eab-65b6fbe3546d,diode,242,213,247,225
10f77190-e26a-4b7f-9eab-65b6fbe3546d,diode,169,220,174,233
10f77190-e26a-4b7f-9eab-65b6fbe3546d,diode,229,229,235,243
10f77190-e26a-4b7f-9eab-65b6fbe3546d,diode,161,339,167,357
10f77190-e26a-4b7f-9eab-65b6fbe3546d,diode,63,303,70,320
10f77190-e26a-4b7f-9eab-65b6fbe3546d,diode,305,149,310,160
10f77190-e26a-4b7f-9eab-65b6fbe3546d,diode,153,141,158,151
10f77190-e26a-4b7f-9eab-65b6fbe3546d,diode,121,344,128,363
10f77190-e26a-4b7f-9eab-65b6fbe3546d,diode,310,149,314,160
10f77190-e26a-4b7f-9eab-65b6fbe3546d,diode,69,228,75,241
10f77190-e26a-4b7f-9eab-65b6fbe3546d,diode,313,221,319,235
10f77190-e26a-4b7f-9eab-65b6fbe3546d,diode,314,148,318,159
10f77190-e26a-4b7f-9eab-65b6fbe3546d,diode,225,215,230,227
10f77190-e26a-4b7f-9eab-65b6fbe3546d,diode,149,222,154,235
10f77190-e26a-4b7f-9eab-65b6fbe3546d,diode,85,227,90,240
10f77190-e26a-4b7f-9eab-65b6fbe3546d,diode,329,220,335,234
10f77190-e26a-4b7f-9eab-65b6fbe3546d,diode,133,142,138,153
10f77190-e26a-4b7f-9eab-65b6fbe3546d,diode,261,226,266,240
10f77190-e26a-4b7f-9eab-65b6fbe3546d,diode,70,302,77,319
10f77190-e26a-4b7f-9eab-65b6fbe3546d,diode,178,219,183,233
10f77190-e26a-4b7f-9eab-65b6fbe3546d,diode,117,224,122,237
10f77190-e26a-4b7f-9eab-65b6fbe3546d,diode,133,223,138,236
10f77190-e26a-4b7f-9eab-65b6fbe3546d,diode,134,343,141,361
10f77190-e26a-4b7f-9eab-65b6fbe3546d,diode,168,338,174,356
10f77190-e26a-4b7f-9eab-65b6fbe3546d,diode,309,207,314,219
10f77190-e26a-4b7f-9eab-65b6fbe3546d,diode,73,321,80,339
10f77190-e26a-4b7f-9eab-65b6fbe3546d,diode,229,214,234,227
10f77190-e26a-4b7f-9eab-65b6fbe3546d,diode,296,222,302,236
10f77190-e26a-4b7f-9eab-65b6fbe3546d,diode,199,335,206,353
10f77190-e26a-4b7f-9eab-65b6fbe3546d,diode,69,321,75,338
10f77190-e26a-4b7f-9eab-65b6fbe3546d,diode,165,221,170,233
10f77190-e26a-4b7f-9eab-65b6fbe3546d,diode,325,221,331,234
10f77190-e26a-4b7f-9eab-65b6fbe3546d,diode,89,227,94,240
10f77190-e26a-4b7f-9eab-65b6fbe3546d,diode,193,137,197,147
10f77190-e26a-4b7f-9eab-65b6fbe3546d,diode,100,318,106,336
10f77190-e26a-4b7f-9eab-65b6fbe3546d,diode,321,205,326,219
10f77190-e26a-4b7f-9eab-65b6fbe3546d,diode,274,210,279,223
10f77190-e26a-4b7f-9eab-65b6fbe3546d,diode,199,308,205,325
10f77190-e26a-4b7f-9eab-65b6fbe3546d,diode,137,343,144,360
10f77190-e26a-4b7f-9eab-65b6fbe3546d,diode,209,308,215,324
10f77190-e26a-4b7f-9eab-65b6fbe3546d,diode,186,218,191,232
10f77190-e26a-4b7f-9eab-65b6fbe3546d,diode,258,226,263,239
10f77190-e26a-4b7f-9eab-65b6fbe3546d,diode,343,220,349,234
10f77190-e26a-4b7f-9eab-65b6fbe3546d,diode,202,335,208,353
10f77190-e26a-4b7f-9eab-65b6fbe3546d,diode,274,152,278,163
10f77190-e26a-4b7f-9eab-65b6fbe3546d,diode,128,223,133,237
10f77190-e26a-4b7f-9eab-65b6fbe3546d,diode,137,315,143,332
10f77190-e26a-4b7f-9eab-65b6fbe3546d,diode,73,303,80,319
10f77190-e26a-4b7f-9eab-65b6fbe3546d,diode,280,223,285,237
10f77190-e26a-4b7f-9eab-65b6fbe3546d,diode,196,337,202,354
10f77190-e26a-4b7f-9eab-65b6fbe3546d,diode,304,222,309,236
10f77190-e26a-4b7f-9eab-65b6fbe3546d,diode,63,322,70,339
10f77190-e26a-4b7f-9eab-65b6fbe3546d,diode,165,340,171,357
10f77190-e26a-4b7f-9eab-65b6fbe3546d,diode,216,215,221,229
10f77190-e26a-4b7f-9eab-65b6fbe3546d,diode,159,312,166,329
10f77190-e26a-4b7f-9eab-65b6fbe3546d,diode,197,309,203,326
10f77190-e26a-4b7f-9eab-65b6fbe3546d,diode,296,208,301,220
10f77190-e26a-4b7f-9eab-65b6fbe3546d,diode,101,226,106,239
10f77190-e26a-4b7f-9eab-65b6fbe3546d,diode,194,335,200,353
10f77190-e26a-4b7f-9eab-65b6fbe3546d,diode,90,320,96,338
10f77190-e26a-4b7f-9eab-65b6fbe3546d,diode,66,303,72,320
10f77190-e26a-4b7f-9eab-65b6fbe3546d,diode,194,218,199,232
10f77190-e26a-4b7f-9eab-65b6fbe3546d,diode,265,153,269,164
10f77190-e26a-4b7f-9eab-65b6fbe3546d,diode,69,301,75,318
10f77190-e26a-4b7f-9eab-65b6fbe3546d,diode,177,337,183,355
10f77190-e26a-4b7f-9eab-65b6fbe3546d,diode,105,319,112,336
10f77190-e26a-4b7f-9eab-65b6fbe3546d,diode,154,312,160,330
10f77190-e26a-4b7f-9eab-65b6fbe3546d,diode,130,143,135,154
10f77190-e26a-4b7f-9eab-65b6fbe3546d,diode,178,311,184,327
10f77190-e26a-4b7f-9eab-65b6fbe3546d,diode,175,310,181,327
10f77190-e26a-4b7f-9eab-65b6fbe3546d,diode,322,147,326,159
10f77190-e26a-4b7f-9eab-65b6fbe3546d,diode,312,206,318,219
10f77190-e26a-4b7f-9eab-65b6fbe3546d,diode,293,223,298,236
10f77190-e26a-4b7f-9eab-65b6fbe3546d,diode,277,224,282,238
10f77190-e26a-4b7f-9eab-65b6fbe3546d,diode,116,316,122,335
10f77190-e26a-4b7f-9eab-65b6fbe3546d,diode,119,344,125,363
10f77190-e26a-4b7f-9eab-65b6fbe3546d,diode,84,320,91,337
10f77190-e26a-4b7f-9eab-65b6fbe3546d,diode,265,210,271,223
10f77190-e26a-4b7f-9eab-65b6fbe3546d,diode,226,229,231,243
10f77190-e26a-4b7f-9eab-65b6fbe3546d,diode,170,139,174,150
10f77190-e26a-4b7f-9eab-65b6fbe3546d,diode,126,343,133,362
10f77190-e26a-4b7f-9eab-65b6fbe3546d,diode,98,226,103,240
10f77190-e26a-4b7f-9eab-65b6fbe3546d,diode,288,223,293,237
10f77190-e26a-4b7f-9eab-65b6fbe3546d,diode,103,319,109,336
10f77190-e26a-4b7f-9eab-65b6fbe3546d,diode,114,318,120,335
10f77190-e26a-4b7f-9eab-65b6fbe3546d,diode,185,309,191,326
10f77190-e26a-4b7f-9eab-65b6fbe3546d,diode,116,344,123,363
10f77190-e26a-4b7f-9eab-65b6fbe3546d,diode,111,318,117,335
10f77190-e26a-4b7f-9eab-65b6fbe3546d,diode,186,309,192,326
10f77190-e26a-4b7f-9eab-65b6fbe3546d,diode,120,317,126,334
10f77190-e26a-4b7f-9eab-65b6fbe3546d,diode,129,344,135,362
10f77190-e26a-4b7f-9eab-65b6fbe3546d,diode,88,301,94,318
10f77190-e26a-4b7f-9eab-65b6fbe3546d,diode,122,317,128,334
10f77190-e26a-4b7f-9eab-65b6fbe3546d,diode,192,336,198,354
10f77190-e26a-4b7f-9eab-65b6fbe3546d,diode,120,224,125,238
10f77190-e26a-4b7f-9eab-65b6fbe3546d,diode,181,220,186,233
10f77190-e26a-4b7f-9eab-65b6fbe3546d,diode,132,314,138,332
10f77190-e26a-4b7f-9eab-65b6fbe3546d,diode,330,147,334,158
10f77190-e26a-4b7f-9eab-65b6fbe3546d,diode,162,140,166,151
10f77190-e26a-4b7f-9eab-65b6fbe3546d,diode,100,345,107,365
10f77190-e26a-4b7f-9eab-65b6fbe3546d,diode,282,209,287,222
10f77190-e26a-4b7f-9eab-65b6fbe3546d,diode,181,338,187,355
10f77190-e26a-4b7f-9eab-65b6fbe3546d,diode,146,342,152,359
10f77190-e26a-4b7f-9eab-65b6fbe3546d,diode,82,227,87,241
10f77190-e26a-4b7f-9eab-65b6fbe3546d,diode,274,225,279,238
10f77190-e26a-4b7f-9eab-65b6fbe3546d,diode,173,138,178,150
10f77190-e26a-4b7f-9eab-65b6fbe3546d,diode,272,224,277,238
10f77190-e26a-4b7f-9eab-65b6fbe3546d,diode,105,346,112,365
10f77190-e26a-4b7f-9eab-65b6fbe3546d,diode,294,150,298,161
10f77190-e26a-4b7f-9eab-65b6fbe3546d,diode,288,208,293,221
10f77190-e26a-4b7f-9eab-65b6fbe3546d,diode,309,222,315,235
10f77190-e26a-4b7f-9eab-65b6fbe3546d,diode,265,225,270,238
10f77190-e26a-4b7f-9eab-65b6fbe3546d,diode,136,223,141,236
10f77190-e26a-4b7f-9eab-65b6fbe3546d,diode,202,217,207,231
10f77190-e26a-4b7f-9eab-65b6fbe3546d,diode,208,216,213,230
10f77190-e26a-4b7f-9eab-65b6fbe3546d,diode,112,225,117,238
10f77190-e26a-4b7f-9eab-65b6fbe3546d,diode,143,342,150,360
10f77190-e26a-4b7f-9eab-65b6fbe3546d,diode,282,225,287,237
10f77190-e26a-4b7f-9eab-65b6fbe3546d,diode,153,340,159,358
10f77190-e26a-4b7f-9eab-65b6fbe3546d,diode,337,146,342,157
10f77190-e26a-4b7f-9eab-65b6fbe3546d,diode,82,321,88,338
10f77190-e26a-4b7f-9eab-65b6fbe3546d,diode,186,336,192,354
10f77190-e26a-4b7f-9eab-65b6fbe3546d,diode,97,347,104,366
10f77190-e26a-4b7f-9eab-65b6fbe3546d,diode,95,319,102,337
10f77190-e26a-4b7f-9eab-65b6fbe3546d,diode,130,316,136,333
10f77190-e26a-4b7f-9eab-65b6fbe3546d,diode,185,138,189,148
10f77190-e26a-4b7f-9eab-65b6fbe3546d,diode,212,308,218,325
10f77190-e26a-4b7f-9eab-65b6fbe3546d,diode,148,312,155,330
10f77190-e26a-4b7f-9eab-65b6fbe3546d,diode,199,217,205,231
10f77190-e26a-4b7f-9eab-65b6fbe3546d,diode,106,225,111,239
10f77190-e26a-4b7f-9eab-65b6fbe3546d,diode,194,308,200,325
10f77190-e26a-4b7f-9eab-65b6fbe3546d,diode,280,209,285,222
10f77190-e26a-4b7f-9eab-65b6fbe3546d,diode,210,217,215,230
10f77190-e26a-4b7f-9eab-65b6fbe3546d,diode,114,225,119,238
10f77190-e26a-4b7f-9eab-65b6fbe3546d,diode,174,337,181,355
10f77190-e26a-4b7f-9eab-65b6fbe3546d,diode,149,142,154,152
10f77190-e26a-4b7f-9eab-65b6fbe3546d,diode,84,301,90,317
10f77190-e26a-4b7f-9eab-65b6fbe3546d,diode,96,169,101,180
10f77190-e26a-4b7f-9eab-65b6fbe3546d,diode,132,344,138,362
10f77190-e26a-4b7f-9eab-65b6fbe3546d,diode,154,340,160,358
10f77190-e26a-4b7f-9eab-65b6fbe3546d,diode,98,347,105,366
10f77190-e26a-4b7f-9eab-65b6fbe3546d,diode,272,209,277,223
10f77190-e26a-4b7f-9eab-65b6fbe3546d,diode,290,224,296,237
10f77190-e26a-4b7f-9eab-65b6fbe3546d,diode,178,139,182,149
10f77190-e26a-4b7f-9eab-65b6fbe3546d,diode,183,336,189,354
10f77190-e26a-4b7f-9eab-65b6fbe3546d,diode,111,345,117,363
10f77190-e26a-4b7f-9eab-65b6fbe3546d,diode,207,335,213,353
10f77190-e26a-4b7f-9eab-65b6fbe3546d,diode,78,301,85,319
10f77190-e26a-4b7f-9eab-65b6fbe3546d,diode,332,204,338,220
10f77190-e26a-4b7f-9eab-65b6fbe3546d,diode,340,147,346,158
10f77190-e26a-4b7f-9eab-65b6fbe3546d,diode,149,342,155,359
10f77190-e26a-4b7f-9eab-65b6fbe3546d,diode,164,312,170,329
10f77190-e26a-4b7f-9eab-65b6fbe3546d,diode,205,138,210,148
10f77190-e26a-4b7f-9eab-65b6fbe3546d,diode,209,335,214,352
10f77190-e26a-4b7f-9eab-65b6fbe3546d,diode,122,224,127,238
10f77190-e26a-4b7f-9eab-65b6fbe3546d,diode,192,217,197,231
10f77190-e26a-4b7f-9eab-65b6fbe3546d,diode,87,320,94,338
10f77190-e26a-4b7f-9eab-65b6fbe3546d,diode,335,146,340,157
1c52ccad-24f6-47c1-8d5f-17c06d133d32,diode,290,211,295,224
1c52ccad-24f6-47c1-8d5f-17c06d133d32,diode,274,212,279,224
1c52ccad-24f6-47c1-8d5f-17c06d133d32,diode,218,136,222,146
1c52ccad-24f6-47c1-8d5f-17c06d133d32,diode,257,213,262,226
1c52ccad-24f6-47c1-8d5f-17c06d133d32,diode,277,212,282,224
1c52ccad-24f6-47c1-8d5f-17c06d133d32,diode,128,221,133,234
1c52ccad-24f6-47c1-8d5f-17c06d133d32,diode,145,220,149,234
1c52ccad-24f6-47c1-8d5f-17c06d133d32,diode,265,213,270,225
1c52ccad-24f6-47c1-8d5f-17c06d133d32,diode,64,317,71,334
1c52ccad-24f6-47c1-8d5f-17c06d133d32,diode,282,212,286,224
1c52ccad-24f6-47c1-8d5f-17c06d133d32,diode,257,228,263,242
1c52ccad-24f6-47c1-8d5f-17c06d133d32,diode,249,214,254,227
1c52ccad-24f6-47c1-8d5f-17c06d133d32,diode,340,208,347,222
1c52ccad-24f6-47c1-8d5f-17c06d133d32,diode,277,227,282,241
1c52ccad-24f6-47c1-8d5f-17c06d133d32,diode,321,151,326,162
1c52ccad-24f6-47c1-8d5f-17c06d133d32,diode,200,308,207,325
1c52ccad-24f6-47c1-8d5f-17c06d133d32,diode,313,152,318,163
1c52ccad-24f6-47c1-8d5f-17c06d133d32,diode,154,140,158,151
1c52ccad-24f6-47c1-8d5f-17c06d133d32,diode,261,228,267,242
1c52ccad-24f6-47c1-8d5f-17c06d133d32,diode,224,308,230,324
1c52ccad-24f6-47c1-8d5f-17c06d133d32,diode,306,211,311,224
1c52ccad-24f6-47c1-8d5f-17c06d133d32,diode,113,314,119,331
1c52ccad-24f6-47c1-8d5f-17c06d133d32,diode,161,220,166,233
1c52ccad-24f6-47c1-8d5f-17c06d133d32,diode,337,150,342,161
1c52ccad-24f6-47c1-8d5f-17c06d133d32,diode,293,211,298,224
1c52ccad-24f6-47c1-8d5f-17c06d133d32,diode,341,150,346,161
1c52ccad-24f6-47c1-8d5f-17c06d133d32,diode,161,140,166,150
1c52ccad-24f6-47c1-8d5f-17c06d133d32,diode,105,315,111,332
1c52ccad-24f6-47c1-8d5f-17c06d133d32,diode,137,221,143,234
1c52ccad-24f6-47c1-8d5f-17c06d133d32,diode,247,229,253,243
1c52ccad-24f6-47c1-8d5f-17c06d133d32,diode,241,215,246,227
1c52ccad-24f6-47c1-8d5f-17c06d133d32,diode,169,337,176,355
1c52ccad-24f6-47c1-8d5f-17c06d133d32,diode,71,317,78,334
1c52ccad-24f6-47c1-8d5f-17c06d133d32,diode,340,225,347,239
1c52ccad-24f6-47c1-8d5f-17c06d133d32,diode,241,229,247,244
1c52ccad-24f6-47c1-8d5f-17c06d133d32,diode,309,210,314,223
1c52ccad-24f6-47c1-8d5f-17c06d133d32,diode,297,211,302,224
1c52ccad-24f6-47c1-8d5f-17c06d133d32,diode,170,311,176,327
1c52ccad-24f6-47c1-8d5f-17c06d133d32,diode,261,213,266,226
1c52ccad-24f6-47c1-8d5f-17c06d133d32,diode,274,227,279,240
1c52ccad-24f6-47c1-8d5f-17c06d133d32,diode,69,223,75,237
1c52ccad-24f6-47c1-8d5f-17c06d133d32,diode,192,309,198,326
1c52ccad-24f6-47c1-8d5f-17c06d133d32,diode,210,335,216,352
1c52ccad-24f6-47c1-8d5f-17c06d133d32,diode,245,230,251,244
1c52ccad-24f6-47c1-8d5f-17c06d133d32,diode,168,311,174,327
1c52ccad-24f6-47c1-8d5f-17c06d133d32,diode,121,222,126,235
1c52ccad-24f6-47c1-8d5f-17c06d133d32,diode,113,166,117,176
1c52ccad-24f6-47c1-8d5f-17c06d133d32,diode,175,310,181,327
1c52ccad-24f6-47c1-8d5f-17c06d133d32,diode,138,312,144,330
1c52ccad-24f6-47c1-8d5f-17c06d133d32,diode,153,312,160,329
1c52ccad-24f6-47c1-8d5f-17c06d133d32,diode,313,211,318,224
1c52ccad-24f6-47c1-8d5f-17c06d133d32,diode,345,150,350,161
1c52ccad-24f6-47c1-8d5f-17c06d133d32,diode,330,151,334,162
1c52ccad-24f6-47c1-8d5f-17c06d133d32,diode,162,311,168,328
1c52ccad-24f6-47c1-8d5f-17c06d133d32,diode,321,210,327,223
1c52ccad-24f6-47c1-8d5f-17c06d133d32,diode,178,219,182,232
1c52ccad-24f6-47c1-8d5f-17c06d133d32,diode,144,312,151,330
1c52ccad-24f6-47c1-8d5f-17c06d133d32,diode,305,152,309,163
1c52ccad-24f6-47c1-8d5f-17c06d133d32,diode,78,316,85,334
1c52ccad-24f6-47c1-8d5f-17c06d133d32,diode,104,223,109,236
1c52ccad-24f6-47c1-8d5f-17c06d133d32,diode,325,209,330,223
1c52ccad-24f6-47c1-8d5f-17c06d133d32,diode,212,335,218,353
1c52ccad-24f6-47c1-8d5f-17c06d133d32,diode,265,228,270,241
1c52ccad-24f6-47c1-8d5f-17c06d133d32,diode,116,313,123,330
1c52ccad-24f6-47c1-8d5f-17c06d133d32,diode,343,207,350,222
1c52ccad-24f6-47c1-8d5f-17c06d133d32,diode,201,136,205,147
1c52ccad-24f6-47c1-8d5f-17c06d133d32,diode,161,338,167,356
1c52ccad-24f6-47c1-8d5f-17c06d133d32,diode,233,215,238,228
1c52ccad-24f6-47c1-8d5f-17c06d133d32,diode,207,335,213,353
1c52ccad-24f6-47c1-8d5f-17c06d133d32,diode,65,224,70,237
1c52ccad-24f6-47c1-8d5f-17c06d133d32,diode,209,136,213,147
1c52ccad-24f6-47c1-8d5f-17c06d133d32,diode,101,314,107,332
1c52ccad-24f6-47c1-8d5f-17c06d133d32,diode,232,230,238,244
1c52ccad-24f6-47c1-8d5f-17c06d133d32,diode,112,222,117,235
1c52ccad-24f6-47c1-8d5f-17c06d133d32,diode,72,223,77,237
1c52ccad-24f6-47c1-8d5f-17c06d133d32,diode,66,298,72,315
1c52ccad-24f6-47c1-8d5f-17c06d133d32,diode,146,141,151,152
1c52ccad-24f6-47c1-8d5f-17c06d133d32,diode,101,223,106,236
1c52ccad-24f6-47c1-8d5f-17c06d133d32,diode,170,219,175,232
1c52ccad-24f6-47c1-8d5f-17c06d133d32,diode,207,308,213,324
1c52ccad-24f6-47c1-8d5f-17c06d133d32,diode,66,317,73,334
1c52ccad-24f6-47c1-8d5f-17c06d133d32,diode,337,225,343,239
1c52ccad-24f6-47c1-8d5f-17c06d133d32,diode,196,336,202,354
1c52ccad-24f6-47c1-8d5f-17c06d133d32,diode,85,223,90,237
1c52ccad-24f6-47c1-8d5f-17c06d133d32,diode,73,297,80,315
1c52ccad-24f6-47c1-8d5f-17c06d133d32,diode,88,223,93,237
1c52ccad-24f6-47c1-8d5f-17c06d133d32,diode,135,340,141,358
1c52ccad-24f6-47c1-8d5f-17c06d133d32,diode,202,335,208,353
1c52ccad-24f6-47c1-8d5f-17c06d133d32,diode,165,338,171,356
1c52ccad-24f6-47c1-8d5f-17c06d133d32,diode,329,209,336,223
1c52ccad-24f6-47c1-8d5f-17c06d133d32,diode,114,341,120,360
1c52ccad-24f6-47c1-8d5f-17c06d133d32,diode,194,336,200,354
1c52ccad-24f6-47c1-8d5f-17c06d133d32,diode,165,220,170,233
1c52ccad-24f6-47c1-8d5f-17c06d133d32,diode,197,309,203,326
1c52ccad-24f6-47c1-8d5f-17c06d133d32,diode,117,222,122,235
1c52ccad-24f6-47c1-8d5f-17c06d133d32,diode,325,225,330,239
1c52ccad-24f6-47c1-8d5f-17c06d133d32,diode,121,313,127,331
1c52ccad-24f6-47c1-8d5f-17c06d133d32,diode,177,310,183,327
1c52ccad-24f6-47c1-8d5f-17c06d133d32,diode,119,341,126,359
1c52ccad-24f6-47c1-8d5f-17c06d133d32,diode,133,221,138,234
1c52ccad-24f6-47c1-8d5f-17c06d133d32,diode,193,137,197,148
1c52ccad-24f6-47c1-8d5f-17c06d133d32,diode,343,223,349,238
1c52ccad-24f6-47c1-8d5f-17c06d133d32,diode,181,337,187,355
1c52ccad-24f6-47c1-8d5f-17c06d133d32,diode,106,296,112,312
1c52ccad-24f6-47c1-8d5f-17c06d133d32,diode,89,296,96,313
1c52ccad-24f6-47c1-8d5f-17c06d133d32,diode,335,224,341,238
1c52ccad-24f6-47c1-8d5f-17c06d133d32,diode,81,297,88,314
1c52ccad-24f6-47c1-8d5f-17c06d133d32,diode,345,224,351,238
1c52ccad-24f6-47c1-8d5f-17c06d133d32,diode,153,339,159,356
1c52ccad-24f6-47c1-8d5f-17c06d133d32,diode,69,298,75,314
1c52ccad-24f6-47c1-8d5f-17c06d133d32,diode,84,316,91,333
1c52ccad-24f6-47c1-8d5f-17c06d133d32,diode,69,317,75,334
1c52ccad-24f6-47c1-8d5f-17c06d133d32,diode,130,313,136,331
1c52ccad-24f6-47c1-8d5f-17c06d133d32,diode,133,312,139,330
1c52ccad-24f6-47c1-8d5f-17c06d133d32,diode,224,216,229,229
1c52ccad-24f6-47c1-8d5f-17c06d133d32,diode,122,341,128,359
1c52ccad-24f6-47c1-8d5f-17c06d133d32,diode,322,225,327,239
1c52ccad-24f6-47c1-8d5f-17c06d133d32,diode,88,316,94,333
1c52ccad-24f6-47c1-8d5f-17c06d133d32,diode,170,139,174,150
1c52ccad-24f6-47c1-8d5f-17c06d133d32,diode,217,335,223,352
1c52ccad-24f6-47c1-8d5f-17c06d133d32,diode,245,214,250,227
1c52ccad-24f6-47c1-8d5f-17c06d133d32,diode,103,296,110,312
1c52ccad-24f6-47c1-8d5f-17c06d133d32,diode,296,152,301,164
1c52ccad-24f6-47c1-8d5f-17c06d133d32,diode,68,346,75,364
1c52ccad-24f6-47c1-8d5f-17c06d133d32,diode,127,341,133,359
1c52ccad-24f6-47c1-8d5f-17c06d133d32,diode,183,309,189,326
1c52ccad-24f6-47c1-8d5f-17c06d133d32,diode,191,336,198,354
1c52ccad-24f6-47c1-8d5f-17c06d133d32,diode,96,223,101,236
1c52ccad-24f6-47c1-8d5f-17c06d133d32,diode,177,337,183,355
1c52ccad-24f6-47c1-8d5f-17c06d133d32,diode,167,337,173,355
1c52ccad-24f6-47c1-8d5f-17c06d133d32,diode,133,341,139,359
1c52ccad-24f6-47c1-8d5f-17c06d133d32,diode,149,339,155,358
1c52ccad-24f6-47c1-8d5f-17c06d133d32,diode,151,312,157,329
1c52ccad-24f6-47c1-8d5f-17c06d133d32,diode,217,307,223,324
1c52ccad-24f6-47c1-8d5f-17c06d133d32,diode,213,308,219,325
1c52ccad-24f6-47c1-8d5f-17c06d133d32,diode,194,308,200,326
1c52ccad-24f6-47c1-8d5f-17c06d133d32,diode,106,166,110,176
1c52ccad-24f6-47c1-8d5f-17c06d133d32,diode,154,220,159,234
1c52ccad-24f6-47c1-8d5f-17c06d133d32,diode,214,335,221,353
1c52ccad-24f6-47c1-8d5f-17c06d133d32,diode,149,221,154,233
1c52ccad-24f6-47c1-8d5f-17c06d133d32,diode,173,138,178,150
1c52ccad-24f6-47c1-8d5f-17c06d133d32,diode,194,218,198,231
1c52ccad-24f6-47c1-8d5f-17c06d133d32,diode,202,218,207,231
1c52ccad-24f6-47c1-8d5f-17c06d133d32,diode,142,312,149,330
1c52ccad-24f6-47c1-8d5f-17c06d133d32,diode,205,137,210,148
1c52ccad-24f6-47c1-8d5f-17c06d133d32,diode,199,335,206,353
1c52ccad-24f6-47c1-8d5f-17c06d133d32,diode,181,310,187,327
1c52ccad-24f6-47c1-8d5f-17c06d133d32,diode,186,219,191,232
1c52ccad-24f6-47c1-8d5f-17c06d133d32,diode,160,311,166,329
1c52ccad-24f6-47c1-8d5f-17c06d133d32,diode,210,217,215,231
1c52ccad-24f6-47c1-8d5f-17c06d133d32,diode,297,226,303,239
1c52ccad-24f6-47c1-8d5f-17c06d133d32,diode,289,227,295,239
1c52ccad-24f6-47c1-8d5f-17c06d133d32,diode,184,137,189,148
1c52ccad-24f6-47c1-8d5f-17c06d133d32,diode,216,217,221,230
1c52ccad-24f6-47c1-8d5f-17c06d133d32,diode,335,208,341,223
1c52ccad-24f6-47c1-8d5f-17c06d133d32,diode,74,317,80,334
1c52ccad-24f6-47c1-8d5f-17c06d133d32,diode,80,223,85,237
1c52ccad-24f6-47c1-8d5f-17c06d133d32,diode,330,225,336,239
1c52ccad-24f6-47c1-8d5f-17c06d133d32,diode,280,227,285,240
1c52ccad-24f6-47c1-8d5f-17c06d133d32,diode,98,296,105,313
1c52ccad-24f6-47c1-8d5f-17c06d133d32,diode,186,336,192,354
1c52ccad-24f6-47c1-8d5f-17c06d133d32,diode,225,231,230,245
1c52ccad-24f6-47c1-8d5f-17c06d133d32,diode,337,209,344,222
1c52ccad-24f6-47c1-8d5f-17c06d133d32,diode,282,154,286,165
1c52ccad-24f6-47c1-8d5f-17c06d133d32,diode,143,339,150,357
1c52ccad-24f6-47c1-8d5f-17c06d133d32,diode,314,226,320,239
1c52ccad-24f6-47c1-8d5f-17c06d133d32,diode,117,342,124,359
1c52ccad-24f6-47c1-8d5f-17c06d133d32,diode,186,309,192,326
1c52ccad-24f6-47c1-8d5f-17c06d133d32,diode,113,342,119,360
1c52ccad-24f6-47c1-8d5f-17c06d133d32,diode,85,297,91,313
1c52ccad-24f6-47c1-8d5f-17c06d133d32,diode,129,340,136,359
1c52ccad-24f6-47c1-8d5f-17c06d133d32,diode,202,308,208,325
1c52ccad-24f6-47c1-8d5f-17c06d133d32,diode,66,224,71,237
1c52ccad-24f6-47c1-8d5f-17c06d133d32,diode,71,347,77,365
1c52ccad-24f6-47c1-8d5f-17c06d133d32,diode,208,217,213,231
1c52ccad-24f6-47c1-8d5f-17c06d133d32,diode,175,337,181,355
1c52ccad-24f6-47c1-8d5f-17c06d133d32,diode,97,315,103,333
1c52ccad-24f6-47c1-8d5f-17c06d133d32,diode,280,154,285,165
1c52ccad-24f6-47c1-8d5f-17c06d133d32,diode,82,316,88,334
1c52ccad-24f6-47c1-8d5f-17c06d133d32,diode,183,336,189,355
1c52ccad-24f6-47c1-8d5f-17c06d133d32,diode,289,153,293,164
1c52ccad-24f6-47c1-8d5f-17c06d133d32,diode,181,219,186,233
1c52ccad-24f6-47c1-8d5f-17c06d133d32,diode,227,308,234,324
1c52ccad-24f6-47c1-8d5f-17c06d133d32,diode,328,224,333,239
1c52ccad-24f6-47c1-8d5f-17c06d133d32,diode,76,299,82,315
1c52ccad-24f6-47c1-8d5f-17c06d133d32,diode,218,217,223,230
1c52ccad-24f6-47c1-8d5f-17c06d133d32,diode,135,312,142,330
1c52ccad-24f6-47c1-8d5f-17c06d133d32,diode,320,225,325,239
1c52ccad-24f6-47c1-8d5f-17c06d133d32,diode,346,208,351,222
1c52ccad-24f6-47c1-8d5f-17c06d133d32,diode,293,226,298,240
1c52ccad-24f6-47c1-8d5f-17c06d133d32,diode,108,298,114,314
1c52ccad-24f6-47c1-8d5f-17c06d133d32,diode,309,225,314,240
1e335257-76c0-41af-8d94-3ccff803322b,diode,186,475,194,491
1e335257-76c0-41af-8d94-3ccff803322b,diode,221,477,236,492
1e335257-76c0-41af-8d94-3ccff803322b,diode,200,476,208,493
1e335257-76c0-41af-8d94-3ccff803322b,diode,221,485,264,502
1e335257-76c0-41af-8d94-3ccff803322b,diode,204,477,214,496
1e335257-76c0-41af-8d94-3ccff803322b,diode,224,477,265,494
1e335257-76c0-41af-8d94-3ccff803322b,diode,421,278,428,291
1e335257-76c0-41af-8d94-3ccff803322b,diode,207,477,216,493
1e335257-76c0-41af-8d94-3ccff803322b,diode,176,475,181,490
1e335257-76c0-41af-8d94-3ccff803322b,diode,605,284,613,294
1f9ee72b-5622-4842-bb87-4c85e27a468f,no_defect,-1,-1,-1,-1
2210b126-a74d-4db6-8340-a8c8f2700db3,hotspot,250,243,256,254
2210b126-a74d-4db6-8340-a8c8f2700db3,hotspot,238,194,244,205
2210b126-a74d-4db6-8340-a8c8f2700db3,hotspot,245,194,251,207
2210b126-a74d-4db6-8340-a8c8f2700db3,hotspot,246,192,253,206
28bc7d53-2d7e-49b4-bbb8-516f7918646d,hotspot,208,193,321,322
2e7966bc-9966-454e-bd15-37f9b11fa552,hotspot,0,0,195,137
2e813f9d-b76d-4297-b91d-9b56ec5fdf69,diode,164,406,178,415
2e813f9d-b76d-4297-b91d-9b56ec5fdf69,diode,173,405,183,415
2f1dd8d0-5f0e-4599-a4f3-093e1f4877c3,hotspot,53,288,109,343
2f1dd8d0-5f0e-4599-a4f3-093e1f4877c3,hotspot,204,75,234,102
2f1dd8d0-5f0e-4599-a4f3-093e1f4877c3,hotspot,41,48,72,75
3bc67767-2887-4283-af8f-62e8c0116a59,no_defect,-1,-1,-1,-1
43ce8dec-54f5-4502-afd1-549788536e3a,hotspot,51,191,170,327
4aa39740-10ca-4688-a56c-f7fa92d54d6d,no_defect,-1,-1,-1,-1
51b56032-44b4-49b5-a2ca-cdea6e16eeb5,no_defect,-1,-1,-1,-1
530bdafd-b6ed-4444-9c1c-2a7a4724f72a,hotspot,287,87,293,96
530bdafd-b6ed-4444-9c1c-2a7a4724f72a,hotspot,286,65,292,74
55d0eff5-0174-4200-bdd1-a7f34c401bb4,diode,264,9,272,37
55d0eff5-0174-4200-bdd1-a7f34c401bb4,diode,254,10,262,38
55d0eff5-0174-4200-bdd1-a7f34c401bb4,diode,260,11,269,38
55d0eff5-0174-4200-bdd1-a7f34c401bb4,diode,266,11,273,38
58edc049-f276-4c35-b6d3-bc125d3656c9,hotspot,287,70,293,79
58edc049-f276-4c35-b6d3-bc125d3656c9,hotspot,286,49,292,58
58edc049-f276-4c35-b6d3-bc125d3656c9,hotspot,178,109,184,118
5d44ffbf-9e72-4e0c-8da0-49b487c512a0,hotspot,287,70,293,78
5d44ffbf-9e72-4e0c-8da0-49b487c512a0,hotspot,286,49,292,57
6afa7c4d-262d-4c5a-ba4b-999b61796b56,hotspot,148,111,386,363
6b477e7c-5451-427b-9f16-7c1d0d54101d,hotspot,232,231,238,241
6b477e7c-5451-427b-9f16-7c1d0d54101d,hotspot,226,215,232,226
6df5721a-53a2-4650-8767-54fc1641bec6,hotspot,95,342,152,411
6df5721a-53a2-4650-8767-54fc1641bec6,hotspot,169,63,204,92
6feb8704-75ac-4123-99b3-92423ab65ba7,hotspot,89,351,149,415
6feb8704-75ac-4123-99b3-92423ab65ba7,hotspot,164,74,200,102
71b4ccfb-373b-4760-a46e-b81a77b56142,no_defect,-1,-1,-1,-1
73cd34c2-59b7-43ce-a3fd-9e0529262936,no_defect,-1,-1,-1,-1
75abc479-b80e-4567-b35f-0ac4a7be9de7,diode,166,45,173,74
7634afab-e071-4882-be16-75806357c8d1,diode,420,107,428,121
7634afab-e071-4882-be16-75806357c8d1,diode,358,110,366,125
7634afab-e071-4882-be16-75806357c8d1,diode,175,104,183,123
7634afab-e071-4882-be16-75806357c8d1,diode,499,314,509,321
7634afab-e071-4882-be16-75806357c8d1,diode,353,109,361,126
7634afab-e071-4882-be16-75806357c8d1,diode,166,103,177,119
7634afab-e071-4882-be16-75806357c8d1,diode,346,110,354,125
8fec8e3c-4d39-44cf-9b81-04b8b7ba4164,diode,531,0,538,8
9356a7b7-0481-4e5c-92a9-d828fa44f847,hotspot,171,191,211,230
9356a7b7-0481-4e5c-92a9-d828fa44f847,hotspot,91,171,126,205
9356a7b7-0481-4e5c-92a9-d828fa44f847,hotspot,270,215,312,258
9356a7b7-0481-4e5c-92a9-d828fa44f847,hotspot,58,163,102,200
9356a7b7-0481-4e5c-92a9-d828fa44f847,hotspot,235,171,279,210
9356a7b7-0481-4e5c-92a9-d828fa44f847,hotspot,145,153,180,185
9356a7b7-0481-4e5c-92a9-d828fa44f847,hotspot,135,181,176,220
9356a7b7-0481-4e5c-92a9-d828fa44f847,hotspot,210,198,255,241
9356a7b7-0481-4e5c-92a9-d828fa44f847,hotspot,302,222,346,270
9356a7b7-0481-4e5c-92a9-d828fa44f847,hotspot,200,196,240,238
9617b624-5cef-4577-ba81-66e2b4bb38d9,no_defect,-1,-1,-1,-1
9bf5bb71-e111-4bf5-ae0e-42f6b573807e,hotspot,75,314,128,367
9bf5bb71-e111-4bf5-ae0e-42f6b573807e,hotspot,215,99,244,126
acbbc003-8ed3-40a6-bc87-d48643b1acf5,diode,192,0,199,22
b0d39b69-ea54-4920-b309-a1dcb1348887,diode,126,191,138,198
b0d39b69-ea54-4920-b309-a1dcb1348887,diode,127,140,140,149
b0d39b69-ea54-4920-b309-a1dcb1348887,diode,299,240,312,247
b0d39b69-ea54-4920-b309-a1dcb1348887,diode,128,117,140,125
b0d39b69-ea54-4920-b309-a1dcb1348887,diode,126,216,138,223
b0d39b69-ea54-4920-b309-a1dcb1348887,diode,297,463,312,470
b0d39b69-ea54-4920-b309-a1dcb1348887,diode,318,506,328,512
c23b65a8-71a7-47c8-a132-aa6e4e2f30a0,no_defect,-1,-1,-1,-1
c34e8ee6-9a60-4300-9179-5d99b175272c,hotspot,249,243,255,254
c34e8ee6-9a60-4300-9179-5d99b175272c,hotspot,238,194,245,205
c34e8ee6-9a60-4300-9179-5d99b175272c,hotspot,245,194,251,207
c34e8ee6-9a60-4300-9179-5d99b175272c,hotspot,246,192,253,206
c77b7f8d-6c1d-4501-98b4-2c0cf954a15d,no_defect,-1,-1,-1,-1
cf883bae-70e5-4b88-8578-fca71623fb8d,hotspot,54,319,110,374
cf883bae-70e5-4b88-8578-fca71623fb8d,hotspot,203,103,233,128
cf883bae-70e5-4b88-8578-fca71623fb8d,hotspot,40,81,69,105
d4b15081-abcf-470b-bc4f-fdc8231f7519,hotspot,241,190,248,202
d4b15081-abcf-470b-bc4f-fdc8231f7519,hotspot,246,240,253,250
d4b15081-abcf-470b-bc4f-fdc8231f7519,hotspot,234,190,241,202
d4b15081-abcf-470b-bc4f-fdc8231f7519,hotspot,244,192,250,203
da569208-b6c5-4100-90fa-81c5693236aa,no_defect,-1,-1,-1,-1
dc38f500-7b91-43bf-95d2-598b15041576,hotspot,57,312,111,366
dc38f500-7b91-43bf-95d2-598b15041576,hotspot,202,95,232,121
e1a724f0-3871-4e2d-afc4-e6f1246e1e95,diode,282,229,287,242
e1a724f0-3871-4e2d-afc4-e6f1246e1e95,diode,272,229,277,242
e1a724f0-3871-4e2d-afc4-e6f1246e1e95,diode,298,212,303,225
e1a724f0-3871-4e2d-afc4-e6f1246e1e95,diode,281,213,286,226
e1a724f0-3871-4e2d-afc4-e6f1246e1e95,diode,265,229,270,242
e1a724f0-3871-4e2d-afc4-e6f1246e1e95,diode,121,164,126,176
e1a724f0-3871-4e2d-afc4-e6f1246e1e95,diode,321,212,326,225
e1a724f0-3871-4e2d-afc4-e6f1246e1e95,diode,226,136,230,146
e1a724f0-3871-4e2d-afc4-e6f1246e1e95,diode,314,213,319,225
e1a724f0-3871-4e2d-afc4-e6f1246e1e95,diode,146,311,152,328
e1a724f0-3871-4e2d-afc4-e6f1246e1e95,diode,340,212,346,225
e1a724f0-3871-4e2d-afc4-e6f1246e1e95,diode,137,220,142,233
e1a724f0-3871-4e2d-afc4-e6f1246e1e95,diode,297,228,303,241
e1a724f0-3871-4e2d-afc4-e6f1246e1e95,diode,288,229,293,241
e1a724f0-3871-4e2d-afc4-e6f1246e1e95,diode,153,219,158,232
e1a724f0-3871-4e2d-afc4-e6f1246e1e95,diode,305,212,310,225
e1a724f0-3871-4e2d-afc4-e6f1246e1e95,diode,176,309,182,326
e1a724f0-3871-4e2d-afc4-e6f1246e1e95,diode,256,229,261,243
e1a724f0-3871-4e2d-afc4-e6f1246e1e95,diode,277,213,282,226
e1a724f0-3871-4e2d-afc4-e6f1246e1e95,diode,256,215,262,228
e1a724f0-3871-4e2d-afc4-e6f1246e1e95,diode,340,227,347,241
e1a724f0-3871-4e2d-afc4-e6f1246e1e95,diode,121,220,126,234
e1a724f0-3871-4e2d-afc4-e6f1246e1e95,diode,344,211,350,225
e1a724f0-3871-4e2d-afc4-e6f1246e1e95,diode,329,212,335,225
e1a724f0-3871-4e2d-afc4-e6f1246e1e95,diode,265,214,270,227
e1a724f0-3871-4e2d-afc4-e6f1246e1e95,diode,200,308,206,325
e1a724f0-3871-4e2d-afc4-e6f1246e1e95,diode,113,221,118,235
e1a724f0-3871-4e2d-afc4-e6f1246e1e95,diode,325,227,331,241
e1a724f0-3871-4e2d-afc4-e6f1246e1e95,diode,117,165,122,176
e1a724f0-3871-4e2d-afc4-e6f1246e1e95,diode,97,221,102,235
e1a724f0-3871-4e2d-afc4-e6f1246e1e95,diode,104,221,109,235
e1a724f0-3871-4e2d-afc4-e6f1246e1e95,diode,183,309,189,326
e1a724f0-3871-4e2d-afc4-e6f1246e1e95,diode,209,308,215,324
e1a724f0-3871-4e2d-afc4-e6f1246e1e95,diode,288,213,293,225
e1a724f0-3871-4e2d-afc4-e6f1246e1e95,diode,325,212,330,225
e1a724f0-3871-4e2d-afc4-e6f1246e1e95,diode,293,213,298,226
e1a724f0-3871-4e2d-afc4-e6f1246e1e95,diode,122,312,128,329
e1a724f0-3871-4e2d-afc4-e6f1246e1e95,diode,337,211,343,225
e1a724f0-3871-4e2d-afc4-e6f1246e1e95,diode,209,136,213,147
e1a724f0-3871-4e2d-afc4-e6f1246e1e95,diode,217,136,222,147
e1a724f0-3871-4e2d-afc4-e6f1246e1e95,diode,305,228,310,241
e1a724f0-3871-4e2d-afc4-e6f1246e1e95,diode,138,311,144,329
e1a724f0-3871-4e2d-afc4-e6f1246e1e95,diode,290,155,294,166
e1a724f0-3871-4e2d-afc4-e6f1246e1e95,diode,293,228,298,241
e1a724f0-3871-4e2d-afc4-e6f1246e1e95,diode,80,221,86,235
e1a724f0-3871-4e2d-afc4-e6f1246e1e95,diode,273,213,278,226
e1a724f0-3871-4e2d-afc4-e6f1246e1e95,diode,249,230,254,244
e1a724f0-3871-4e2d-afc4-e6f1246e1e95,diode,65,221,70,235
e1a724f0-3871-4e2d-afc4-e6f1246e1e95,diode,329,227,335,241
e1a724f0-3871-4e2d-afc4-e6f1246e1e95,diode,344,152,350,163
e1a724f0-3871-4e2d-afc4-e6f1246e1e95,diode,81,313,88,331
e1a724f0-3871-4e2d-afc4-e6f1246e1e95,diode,277,229,283,242
e1a724f0-3871-4e2d-afc4-e6f1246e1e95,diode,201,136,205,147
e1a724f0-3871-4e2d-afc4-e6f1246e1e95,diode,143,311,150,328
e1a724f0-3871-4e2d-afc4-e6f1246e1e95,diode,249,215,254,228
e1a724f0-3871-4e2d-afc4-e6f1246e1e95,diode,232,308,238,324
e1a724f0-3871-4e2d-afc4-e6f1246e1e95,diode,159,310,165,327
e1a724f0-3871-4e2d-afc4-e6f1246e1e95,diode,213,308,219,325
e1a724f0-3871-4e2d-afc4-e6f1246e1e95,diode,162,311,168,327
e1a724f0-3871-4e2d-afc4-e6f1246e1e95,diode,62,295,69,312
e1a724f0-3871-4e2d-afc4-e6f1246e1e95,diode,193,137,197,148
e1a724f0-3871-4e2d-afc4-e6f1246e1e95,diode,177,336,184,354
e1a724f0-3871-4e2d-afc4-e6f1246e1e95,diode,215,308,221,324
e1a724f0-3871-4e2d-afc4-e6f1246e1e95,diode,213,335,219,353
e1a724f0-3871-4e2d-afc4-e6f1246e1e95,diode,144,338,151,356
e1a724f0-3871-4e2d-afc4-e6f1246e1e95,diode,136,338,143,356
e1a724f0-3871-4e2d-afc4-e6f1246e1e95,diode,240,230,245,245
e1a724f0-3871-4e2d-afc4-e6f1246e1e95,diode,114,312,120,329
e1a724f0-3871-4e2d-afc4-e6f1246e1e95,diode,162,139,166,150
e1a724f0-3871-4e2d-afc4-e6f1246e1e95,diode,73,221,79,235
e1a724f0-3871-4e2d-afc4-e6f1246e1e95,diode,321,228,327,241
e1a724f0-3871-4e2d-afc4-e6f1246e1e95,diode,181,337,187,354
e1a724f0-3871-4e2d-afc4-e6f1246e1e95,diode,181,309,187,326
e1a724f0-3871-4e2d-afc4-e6f1246e1e95,diode,88,313,95,331
e1a724f0-3871-4e2d-afc4-e6f1246e1e95,diode,309,212,314,225
e1a724f0-3871-4e2d-afc4-e6f1246e1e95,diode,215,335,221,353
e1a724f0-3871-4e2d-afc4-e6f1246e1e95,diode,199,335,205,353
e1a724f0-3871-4e2d-afc4-e6f1246e1e95,diode,228,308,234,325
e1a724f0-3871-4e2d-afc4-e6f1246e1e95,diode,128,339,135,357
e1a724f0-3871-4e2d-afc4-e6f1246e1e95,diode,88,221,94,235
e1a724f0-3871-4e2d-afc4-e6f1246e1e95,diode,130,220,135,234
e1a724f0-3871-4e2d-afc4-e6f1246e1e95,diode,309,227,314,241
e1a724f0-3871-4e2d-afc4-e6f1246e1e95,diode,197,336,202,353
e1a724f0-3871-4e2d-afc4-e6f1246e1e95,diode,151,311,157,328
e1a724f0-3871-4e2d-afc4-e6f1246e1e95,diode,146,219,151,233
e1a724f0-3871-4e2d-afc4-e6f1246e1e95,diode,202,335,208,353
e1a724f0-3871-4e2d-afc4-e6f1246e1e95,diode,165,337,171,355
e1a724f0-3871-4e2d-afc4-e6f1246e1e95,diode,170,310,176,326
e1a724f0-3871-4e2d-afc4-e6f1246e1e95,diode,84,314,91,330
e1a724f0-3871-4e2d-afc4-e6f1246e1e95,diode,337,227,343,241
e1a724f0-3871-4e2d-afc4-e6f1246e1e95,diode,170,139,174,149
e1a724f0-3871-4e2d-afc4-e6f1246e1e95,diode,344,227,350,241
e1a724f0-3871-4e2d-afc4-e6f1246e1e95,diode,225,308,231,324
e1a724f0-3871-4e2d-afc4-e6f1246e1e95,diode,170,337,176,355
e1a724f0-3871-4e2d-afc4-e6f1246e1e95,diode,101,221,106,234
e1a724f0-3871-4e2d-afc4-e6f1246e1e95,diode,232,216,237,229
e1a724f0-3871-4e2d-afc4-e6f1246e1e95,diode,313,228,319,241
e1a724f0-3871-4e2d-afc4-e6f1246e1e95,diode,133,220,138,233
e1a724f0-3871-4e2d-afc4-e6f1246e1e95,diode,175,336,181,355
e1a724f0-3871-4e2d-afc4-e6f1246e1e95,diode,197,308,203,325
e1a724f0-3871-4e2d-afc4-e6f1246e1e95,diode,210,335,216,352
e1a724f0-3871-4e2d-afc4-e6f1246e1e95,diode,100,294,107,310
e1a724f0-3871-4e2d-afc4-e6f1246e1e95,diode,162,337,168,355
e1a724f0-3871-4e2d-afc4-e6f1246e1e95,diode,133,338,139,357
e1a724f0-3871-4e2d-afc4-e6f1246e1e95,diode,240,216,245,229
e1a724f0-3871-4e2d-afc4-e6f1246e1e95,diode,69,315,76,330
e1a724f0-3871-4e2d-afc4-e6f1246e1e95,diode,218,334,224,352
e1a724f0-3871-4e2d-afc4-e6f1246e1e95,diode,69,221,75,235
e1a724f0-3871-4e2d-afc4-e6f1246e1e95,diode,170,218,175,232
e1a724f0-3871-4e2d-afc4-e6f1246e1e95,diode,261,214,266,227
e1a724f0-3871-4e2d-afc4-e6f1246e1e95,diode,207,335,214,353
e1a724f0-3871-4e2d-afc4-e6f1246e1e95,diode,153,311,159,328
e1a724f0-3871-4e2d-afc4-e6f1246e1e95,diode,73,314,80,331
e1a724f0-3871-4e2d-afc4-e6f1246e1e95,diode,178,309,184,326
e1a724f0-3871-4e2d-afc4-e6f1246e1e95,diode,261,230,267,244
e1a724f0-3871-4e2d-afc4-e6f1246e1e95,diode,85,221,91,234
e1a724f0-3871-4e2d-afc4-e6f1246e1e95,diode,87,294,94,311
e1a724f0-3871-4e2d-afc4-e6f1246e1e95,diode,205,137,210,148
e1a724f0-3871-4e2d-afc4-e6f1246e1e95,diode,169,310,174,326
e1a724f0-3871-4e2d-afc4-e6f1246e1e95,diode,149,338,155,356
e1a724f0-3871-4e2d-afc4-e6f1246e1e95,diode,129,164,133,175
e1a724f0-3871-4e2d-afc4-e6f1246e1e95,diode,95,293,101,310
e1a724f0-3871-4e2d-afc4-e6f1246e1e95,diode,149,220,154,233
e1a724f0-3871-4e2d-afc4-e6f1246e1e95,diode,117,221,122,234
e1a724f0-3871-4e2d-afc4-e6f1246e1e95,diode,226,335,232,352
e1a724f0-3871-4e2d-afc4-e6f1246e1e95,diode,106,312,112,330
e1a724f0-3871-4e2d-afc4-e6f1246e1e95,diode,112,293,118,310
e1a724f0-3871-4e2d-afc4-e6f1246e1e95,diode,129,312,136,329
e1a724f0-3871-4e2d-afc4-e6f1246e1e95,diode,162,219,167,232
e1a724f0-3871-4e2d-afc4-e6f1246e1e95,diode,192,308,198,325
e1a724f0-3871-4e2d-afc4-e6f1246e1e95,diode,223,335,229,352
e1a724f0-3871-4e2d-afc4-e6f1246e1e95,diode,186,218,191,232
e1a724f0-3871-4e2d-afc4-e6f1246e1e95,diode,194,335,200,353
e1a724f0-3871-4e2d-afc4-e6f1246e1e95,diode,66,314,72,331
e1a724f0-3871-4e2d-afc4-e6f1246e1e95,diode,71,295,77,312
e1a724f0-3871-4e2d-afc4-e6f1246e1e95,diode,202,218,207,231
e1a724f0-3871-4e2d-afc4-e6f1246e1e95,diode,155,140,159,150
e1a724f0-3871-4e2d-afc4-e6f1246e1e95,diode,218,217,223,231
e1a724f0-3871-4e2d-afc4-e6f1246e1e95,diode,210,217,215,231
e1a724f0-3871-4e2d-afc4-e6f1246e1e95,diode,121,339,128,358
e1a724f0-3871-4e2d-afc4-e6f1246e1e95,diode,97,313,104,330
e1a724f0-3871-4e2d-afc4-e6f1246e1e95,diode,111,312,118,329
e1a724f0-3871-4e2d-afc4-e6f1246e1e95,diode,224,216,229,230
e1a724f0-3871-4e2d-afc4-e6f1246e1e95,diode,65,295,72,312
e1a724f0-3871-4e2d-afc4-e6f1246e1e95,diode,185,336,192,354
e1a724f0-3871-4e2d-afc4-e6f1246e1e95,diode,192,336,198,354
e1a724f0-3871-4e2d-afc4-e6f1246e1e95,diode,337,152,342,164
e1a724f0-3871-4e2d-afc4-e6f1246e1e95,diode,183,336,189,354
e1a724f0-3871-4e2d-afc4-e6f1246e1e95,diode,178,218,183,232
e1a724f0-3871-4e2d-afc4-e6f1246e1e95,diode,167,337,173,355
e1a724f0-3871-4e2d-afc4-e6f1246e1e95,diode,173,138,178,149
e1a724f0-3871-4e2d-afc4-e6f1246e1e95,diode,202,308,208,325
e1a724f0-3871-4e2d-afc4-e6f1246e1e95,diode,232,231,238,245
e1a724f0-3871-4e2d-afc4-e6f1246e1e95,diode,194,218,199,231
e1a724f0-3871-4e2d-afc4-e6f1246e1e95,diode,153,337,160,356
e1a724f0-3871-4e2d-afc4-e6f1246e1e95,diode,117,312,122,329
e1a724f0-3871-4e2d-afc4-e6f1246e1e95,diode,328,152,333,164
e1a724f0-3871-4e2d-afc4-e6f1246e1e95,diode,185,309,192,326
e1a724f0-3871-4e2d-afc4-e6f1246e1e95,diode,228,336,234,353
e1a724f0-3871-4e2d-afc4-e6f1246e1e95,diode,90,295,96,311
e1a724f0-3871-4e2d-afc4-e6f1246e1e95,diode,216,217,221,231
e1a724f0-3871-4e2d-afc4-e6f1246e1e95,diode,119,312,125,329
e1a724f0-3871-4e2d-afc4-e6f1246e1e95,diode,233,136,236,145
e1a724f0-3871-4e2d-afc4-e6f1246e1e95,diode,87,313,93,330
e1a724f0-3871-4e2d-afc4-e6f1246e1e95,diode,320,153,325,164
e1a724f0-3871-4e2d-afc4-e6f1246e1e95,diode,84,294,91,311
e1a724f0-3871-4e2d-afc4-e6f1246e1e95,diode,117,338,123,357
e1a724f0-3871-4e2d-afc4-e6f1246e1e95,diode,74,295,81,312
e1a724f0-3871-4e2d-afc4-e6f1246e1e95,diode,80,294,86,311
e1a724f0-3871-4e2d-afc4-e6f1246e1e95,diode,269,229,274,244
e1a724f0-3871-4e2d-afc4-e6f1246e1e95,diode,82,295,89,312
e1a724f0-3871-4e2d-afc4-e6f1246e1e95,diode,234,217,239,230
e1a724f0-3871-4e2d-afc4-e6f1246e1e95,diode,116,294,122,310
e1a724f0-3871-4e2d-afc4-e6f1246e1e95,diode,135,312,142,329
e1a724f0-3871-4e2d-afc4-e6f1246e1e95,diode,97,294,104,311
e1a724f0-3871-4e2d-afc4-e6f1246e1e95,diode,101,313,107,330
e1a724f0-3871-4e2d-afc4-e6f1246e1e95,diode,165,219,170,233
e1a724f0-3871-4e2d-afc4-e6f1246e1e95,diode,298,154,302,166
e1a724f0-3871-4e2d-afc4-e6f1246e1e95,diode,102,293,109,310
e1a724f0-3871-4e2d-afc4-e6f1246e1e95,diode,142,338,149,356
e1a724f0-3871-4e2d-afc4-e6f1246e1e95,diode,159,337,165,356
e1a724f0-3871-4e2d-afc4-e6f1246e1e95,diode,306,154,310,165
e1a724f0-3871-4e2d-afc4-e6f1246e1e95,diode,134,338,141,356
e1a724f0-3871-4e2d-afc4-e6f1246e1e95,diode,114,164,119,176
e1a724f0-3871-4e2d-afc4-e6f1246e1e95,diode,226,217,231,230
e1a724f0-3871-4e2d-afc4-e6f1246e1e95,diode,165,310,171,327
e1a724f0-3871-4e2d-afc4-e6f1246e1e95,diode,127,312,133,329
e1a724f0-3871-4e2d-afc4-e6f1246e1e95,diode,245,230,251,243
e1a724f0-3871-4e2d-afc4-e6f1246e1e95,diode,194,308,200,326
e1a724f0-3871-4e2d-afc4-e6f1246e1e95,diode,95,313,101,330
e25d1c23-b3c8-471c-91fe-09c7fd8acc81,diode,274,211,279,224
e25d1c23-b3c8-471c-91fe-09c7fd8acc81,diode,146,140,150,152
e25d1c23-b3c8-471c-91fe-09c7fd8acc81,diode,154,312,160,329
e25d1c23-b3c8-471c-91fe-09c7fd8acc81,diode,265,212,270,224
e25d1c23-b3c8-471c-91fe-09c7fd8acc81,diode,249,228,254,242
e25d1c23-b3c8-471c-91fe-09c7fd8acc81,diode,104,167,109,177
e25d1c23-b3c8-471c-91fe-09c7fd8acc81,diode,313,151,318,162
e25d1c23-b3c8-471c-91fe-09c7fd8acc81,diode,258,213,263,225
e25d1c23-b3c8-471c-91fe-09c7fd8acc81,diode,305,151,310,162
e25d1c23-b3c8-471c-91fe-09c7fd8acc81,diode,209,308,215,324
e25d1c23-b3c8-471c-91fe-09c7fd8acc81,diode,341,207,347,220
e25d1c23-b3c8-471c-91fe-09c7fd8acc81,diode,337,149,342,160
e25d1c23-b3c8-471c-91fe-09c7fd8acc81,diode,145,221,150,234
e25d1c23-b3c8-471c-91fe-09c7fd8acc81,diode,261,212,266,225
e25d1c23-b3c8-471c-91fe-09c7fd8acc81,diode,341,149,346,161
e25d1c23-b3c8-471c-91fe-09c7fd8acc81,diode,63,299,70,316
e25d1c23-b3c8-471c-91fe-09c7fd8acc81,diode,248,214,253,226
e25d1c23-b3c8-471c-91fe-09c7fd8acc81,diode,105,343,111,362
e25d1c23-b3c8-471c-91fe-09c7fd8acc81,diode,293,210,298,223
e25d1c23-b3c8-471c-91fe-09c7fd8acc81,diode,245,229,251,243
e25d1c23-b3c8-471c-91fe-09c7fd8acc81,diode,261,227,266,241
e25d1c23-b3c8-471c-91fe-09c7fd8acc81,diode,152,339,158,357
e25d1c23-b3c8-471c-91fe-09c7fd8acc81,diode,345,149,350,160
e25d1c23-b3c8-471c-91fe-09c7fd8acc81,diode,297,152,302,163
e25d1c23-b3c8-471c-91fe-09c7fd8acc81,diode,241,229,246,242
e25d1c23-b3c8-471c-91fe-09c7fd8acc81,diode,129,222,134,235
e25d1c23-b3c8-471c-91fe-09c7fd8acc81,diode,153,220,158,234
e25d1c23-b3c8-471c-91fe-09c7fd8acc81,diode,298,210,303,223
e25d1c23-b3c8-471c-91fe-09c7fd8acc81,diode,186,336,192,354
e25d1c23-b3c8-471c-91fe-09c7fd8acc81,diode,217,136,221,146
e25d1c23-b3c8-471c-91fe-09c7fd8acc81,diode,178,337,184,355
e25d1c23-b3c8-471c-91fe-09c7fd8acc81,diode,281,211,286,224
e25d1c23-b3c8-471c-91fe-09c7fd8acc81,diode,154,140,158,151
e25d1c23-b3c8-471c-91fe-09c7fd8acc81,diode,321,151,326,161
e25d1c23-b3c8-471c-91fe-09c7fd8acc81,diode,69,224,75,238
e25d1c23-b3c8-471c-91fe-09c7fd8acc81,diode,112,223,117,236
e25d1c23-b3c8-471c-91fe-09c7fd8acc81,diode,241,214,246,227
e25d1c23-b3c8-471c-91fe-09c7fd8acc81,diode,183,309,190,326
e25d1c23-b3c8-471c-91fe-09c7fd8acc81,diode,161,311,167,328
e25d1c23-b3c8-471c-91fe-09c7fd8acc81,diode,144,340,151,358
e25d1c23-b3c8-471c-91fe-09c7fd8acc81,diode,257,228,263,241
e25d1c23-b3c8-471c-91fe-09c7fd8acc81,diode,309,209,314,222
e25d1c23-b3c8-471c-91fe-09c7fd8acc81,diode,245,213,250,227
e25d1c23-b3c8-471c-91fe-09c7fd8acc81,diode,128,314,134,331
e25d1c23-b3c8-471c-91fe-09c7fd8acc81,diode,121,315,127,331
e25d1c23-b3c8-471c-91fe-09c7fd8acc81,diode,325,208,331,221
e25d1c23-b3c8-471c-91fe-09c7fd8acc81,diode,210,136,214,146
e25d1c23-b3c8-471c-91fe-09c7fd8acc81,diode,79,318,86,334
e25d1c23-b3c8-471c-91fe-09c7fd8acc81,diode,169,219,174,232
e25d1c23-b3c8-471c-91fe-09c7fd8acc81,diode,273,227,278,240
e25d1c23-b3c8-471c-91fe-09c7fd8acc81,diode,330,150,334,161
e25d1c23-b3c8-471c-91fe-09c7fd8acc81,diode,265,227,270,240
e25d1c23-b3c8-471c-91fe-09c7fd8acc81,diode,290,211,295,223
e25d1c23-b3c8-471c-91fe-09c7fd8acc81,diode,89,298,95,315
e25d1c23-b3c8-471c-91fe-09c7fd8acc81,diode,176,310,182,327
e25d1c23-b3c8-471c-91fe-09c7fd8acc81,diode,162,139,166,151
e25d1c23-b3c8-471c-91fe-09c7fd8acc81,diode,178,310,184,327
e25d1c23-b3c8-471c-91fe-09c7fd8acc81,diode,277,211,282,224
e25d1c23-b3c8-471c-91fe-09c7fd8acc81,diode,225,231,230,244
e25d1c23-b3c8-471c-91fe-09c7fd8acc81,diode,97,298,104,314
e25d1c23-b3c8-471c-91fe-09c7fd8acc81,diode,183,336,190,354
e25d1c23-b3c8-471c-91fe-09c7fd8acc81,diode,117,223,122,236
e25d1c23-b3c8-471c-91fe-09c7fd8acc81,diode,136,221,141,235
e25d1c23-b3c8-471c-91fe-09c7fd8acc81,diode,181,338,186,355
e25d1c23-b3c8-471c-91fe-09c7fd8acc81,diode,178,219,183,232
e25d1c23-b3c8-471c-91fe-09c7fd8acc81,diode,212,308,219,325
e25d1c23-b3c8-471c-91fe-09c7fd8acc81,diode,85,298,91,314
e25d1c23-b3c8-471c-91fe-09c7fd8acc81,diode,111,343,117,361
e25d1c23-b3c8-471c-91fe-09c7fd8acc81,diode,103,343,109,362
e25d1c23-b3c8-471c-91fe-09c7fd8acc81,diode,66,319,72,336
e25d1c23-b3c8-471c-91fe-09c7fd8acc81,diode,160,339,166,356
e25d1c23-b3c8-471c-91fe-09c7fd8acc81,diode,232,215,237,228
e25d1c23-b3c8-471c-91fe-09c7fd8acc81,diode,201,136,205,147
e25d1c23-b3c8-471c-91fe-09c7fd8acc81,diode,344,206,350,220
e25d1c23-b3c8-471c-91fe-09c7fd8acc81,diode,116,313,123,331
e25d1c23-b3c8-471c-91fe-09c7fd8acc81,diode,340,224,347,237
e25d1c23-b3c8-471c-91fe-09c7fd8acc81,diode,72,298,79,316
e25d1c23-b3c8-471c-91fe-09c7fd8acc81,diode,201,335,208,352
e25d1c23-b3c8-471c-91fe-09c7fd8acc81,diode,82,318,88,334
e25d1c23-b3c8-471c-91fe-09c7fd8acc81,diode,293,225,298,239
e25d1c23-b3c8-471c-91fe-09c7fd8acc81,diode,159,311,165,329
e25d1c23-b3c8-471c-91fe-09c7fd8acc81,diode,100,315,107,333
e25d1c23-b3c8-471c-91fe-09c7fd8acc81,diode,309,224,314,238
e25d1c23-b3c8-471c-91fe-09c7fd8acc81,diode,289,152,293,163
e25d1c23-b3c8-471c-91fe-09c7fd8acc81,diode,149,341,155,358
e25d1c23-b3c8-471c-91fe-09c7fd8acc81,diode,133,222,138,235
e25d1c23-b3c8-471c-91fe-09c7fd8acc81,diode,210,335,216,352
e25d1c23-b3c8-471c-91fe-09c7fd8acc81,diode,216,307,222,324
e25d1c23-b3c8-471c-91fe-09c7fd8acc81,diode,232,230,237,243
e25d1c23-b3c8-471c-91fe-09c7fd8acc81,diode,87,317,93,334
e25d1c23-b3c8-471c-91fe-09c7fd8acc81,diode,162,220,167,233
e25d1c23-b3c8-471c-91fe-09c7fd8acc81,diode,84,317,91,334
e25d1c23-b3c8-471c-91fe-09c7fd8acc81,diode,95,317,102,334
e25d1c23-b3c8-471c-91fe-09c7fd8acc81,diode,151,312,158,329
e25d1c23-b3c8-471c-91fe-09c7fd8acc81,diode,170,311,176,327
e25d1c23-b3c8-471c-91fe-09c7fd8acc81,diode,336,207,342,221
e25d1c23-b3c8-471c-91fe-09c7fd8acc81,diode,132,312,139,330
e25d1c23-b3c8-471c-91fe-09c7fd8acc81,diode,343,222,349,236
e25d1c23-b3c8-471c-91fe-09c7fd8acc81,diode,138,313,144,331
e25d1c23-b3c8-471c-91fe-09c7fd8acc81,diode,224,307,229,324
e25d1c23-b3c8-471c-91fe-09c7fd8acc81,diode,120,222,125,236
e25d1c23-b3c8-471c-91fe-09c7fd8acc81,diode,96,223,101,238
e25d1c23-b3c8-471c-91fe-09c7fd8acc81,diode,74,319,80,335
e25d1c23-b3c8-471c-91fe-09c7fd8acc81,diode,335,222,342,237
e25d1c23-b3c8-471c-91fe-09c7fd8acc81,diode,66,225,71,239
e25d1c23-b3c8-471c-91fe-09c7fd8acc81,diode,200,308,206,325
e25d1c23-b3c8-471c-91fe-09c7fd8acc81,diode,314,209,319,223
e25d1c23-b3c8-471c-91fe-09c7fd8acc81,diode,326,150,330,161
e25d1c23-b3c8-471c-91fe-09c7fd8acc81,diode,81,298,88,315
e25d1c23-b3c8-471c-91fe-09c7fd8acc81,diode,136,341,142,359
e25d1c23-b3c8-471c-91fe-09c7fd8acc81,diode,165,220,170,233
e25d1c23-b3c8-471c-91fe-09c7fd8acc81,diode,186,218,190,232
e25d1c23-b3c8-471c-91fe-09c7fd8acc81,diode,69,299,75,315
e25d1c23-b3c8-471c-91fe-09c7fd8acc81,diode,149,221,154,234
e25d1c23-b3c8-471c-91fe-09c7fd8acc81,diode,113,315,120,332
e25d1c23-b3c8-471c-91fe-09c7fd8acc81,diode,212,336,218,353
e25d1c23-b3c8-471c-91fe-09c7fd8acc81,diode,63,319,69,336
e25d1c23-b3c8-471c-91fe-09c7fd8acc81,diode,167,311,173,328
e25d1c23-b3c8-471c-91fe-09c7fd8acc81,diode,325,223,331,238
e25d1c23-b3c8-471c-91fe-09c7fd8acc81,diode,225,216,230,229
e25d1c23-b3c8-471c-91fe-09c7fd8acc81,diode,197,337,203,354
e25d1c23-b3c8-471c-91fe-09c7fd8acc81,diode,170,338,176,355
e25d1c23-b3c8-471c-91fe-09c7fd8acc81,diode,328,207,334,222
e25d1c23-b3c8-471c-91fe-09c7fd8acc81,diode,130,341,136,359
e25d1c23-b3c8-471c-91fe-09c7fd8acc81,diode,199,336,205,353
e25d1c23-b3c8-471c-91fe-09c7fd8acc81,diode,165,339,171,356
e25d1c23-b3c8-471c-91fe-09c7fd8acc81,diode,69,318,75,335
e25d1c23-b3c8-471c-91fe-09c7fd8acc81,diode,312,224,318,238
e25d1c23-b3c8-471c-91fe-09c7fd8acc81,diode,215,335,221,352
e25d1c23-b3c8-471c-91fe-09c7fd8acc81,diode,101,224,106,237
e25d1c23-b3c8-471c-91fe-09c7fd8acc81,diode,85,224,90,238
e25d1c23-b3c8-471c-91fe-09c7fd8acc81,diode,306,210,311,223
e25d1c23-b3c8-471c-91fe-09c7fd8acc81,diode,114,343,120,361
e25d1c23-b3c8-471c-91fe-09c7fd8acc81,diode,218,335,223,352
e25d1c23-b3c8-471c-91fe-09c7fd8acc81,diode,186,309,192,326
e25d1c23-b3c8-471c-91fe-09c7fd8acc81,diode,314,225,319,238
e25d1c23-b3c8-471c-91fe-09c7fd8acc81,diode,122,342,128,360
e25d1c23-b3c8-471c-91fe-09c7fd8acc81,diode,146,312,152,330
e25d1c23-b3c8-471c-91fe-09c7fd8acc81,diode,88,224,93,238
e25d1c23-b3c8-471c-91fe-09c7fd8acc81,diode,193,137,197,148
e25d1c23-b3c8-471c-91fe-09c7fd8acc81,diode,175,337,181,355
e25d1c23-b3c8-471c-91fe-09c7fd8acc81,diode,104,316,110,333
e25d1c23-b3c8-471c-91fe-09c7fd8acc81,diode,74,225,79,239
e25d1c23-b3c8-471c-91fe-09c7fd8acc81,diode,90,224,95,238
e25d1c23-b3c8-471c-91fe-09c7fd8acc81,diode,327,223,334,237
e25d1c23-b3c8-471c-91fe-09c7fd8acc81,diode,72,225,77,239
e25d1c23-b3c8-471c-91fe-09c7fd8acc81,diode,304,224,309,238
e25d1c23-b3c8-471c-91fe-09c7fd8acc81,diode,71,318,78,335
e25d1c23-b3c8-471c-91fe-09c7fd8acc81,diode,205,137,210,148
e25d1c23-b3c8-471c-91fe-09c7fd8acc81,diode,197,309,203,325
e25d1c23-b3c8-471c-91fe-09c7fd8acc81,diode,229,229,235,241
e25d1c23-b3c8-471c-91fe-09c7fd8acc81,diode,181,310,187,326
e25d1c23-b3c8-471c-91fe-09c7fd8acc81,diode,296,224,301,238
e25d1c23-b3c8-471c-91fe-09c7fd8acc81,diode,173,138,178,149
e25d1c23-b3c8-471c-91fe-09c7fd8acc81,diode,216,216,221,230
e25d1c23-b3c8-471c-91fe-09c7fd8acc81,diode,169,139,174,150
e25d1c23-b3c8-471c-91fe-09c7fd8acc81,diode,202,217,207,231
e25d1c23-b3c8-471c-91fe-09c7fd8acc81,diode,311,209,317,223
e25d1c23-b3c8-471c-91fe-09c7fd8acc81,diode,207,335,214,353
e25d1c23-b3c8-471c-91fe-09c7fd8acc81,diode,104,297,110,313
e25d1c23-b3c8-471c-91fe-09c7fd8acc81,diode,290,225,295,238
e25d1c23-b3c8-471c-91fe-09c7fd8acc81,diode,128,341,134,360
e25d1c23-b3c8-471c-91fe-09c7fd8acc81,diode,190,336,196,354
e25d1c23-b3c8-471c-91fe-09c7fd8acc81,diode,119,342,125,361
e25d1c23-b3c8-471c-91fe-09c7fd8acc81,diode,338,224,344,237
e25d1c23-b3c8-471c-91fe-09c7fd8acc81,diode,185,137,189,148
e25d1c23-b3c8-471c-91fe-09c7fd8acc81,diode,181,219,186,233
e25d1c23-b3c8-471c-91fe-09c7fd8acc81,diode,192,336,198,353
e25d1c23-b3c8-471c-91fe-09c7fd8acc81,diode,133,341,139,359
e25d1c23-b3c8-471c-91fe-09c7fd8acc81,diode,319,208,325,222
e25d1c23-b3c8-471c-91fe-09c7fd8acc81,diode,65,225,70,238
e25d1c23-b3c8-471c-91fe-09c7fd8acc81,diode,138,340,144,359
e25d1c23-b3c8-471c-91fe-09c7fd8acc81,diode,101,344,107,362
e25d1c23-b3c8-471c-91fe-09c7fd8acc81,diode,273,154,277,164
e25d1c23-b3c8-471c-91fe-09c7fd8acc81,diode,298,225,303,238
e25d1c23-b3c8-471c-91fe-09c7fd8acc81,diode,288,225,293,238
e25d1c23-b3c8-471c-91fe-09c7fd8acc81,diode,305,225,311,238
e25d1c23-b3c8-471c-91fe-09c7fd8acc81,diode,280,153,285,164
e25d1c23-b3c8-471c-91fe-09c7fd8acc81,diode,149,312,154,329
e25d1c23-b3c8-471c-91fe-09c7fd8acc81,diode,98,224,103,238
e25d1c23-b3c8-471c-91fe-09c7fd8acc81,diode,194,218,199,232
e25d1c23-b3c8-471c-91fe-09c7fd8acc81,diode,210,217,215,231
e25d1c23-b3c8-471c-91fe-09c7fd8acc81,diode,319,224,325,238
e25d1c23-b3c8-471c-91fe-09c7fd8acc81,diode,79,224,85,239
e25d1c23-b3c8-471c-91fe-09c7fd8acc81,diode,329,224,336,238
e25d1c23-b3c8-471c-91fe-09c7fd8acc81,diode,90,317,96,334
e25d1c23-b3c8-471c-91fe-09c7fd8acc81,diode,100,298,107,314
e25d1c23-b3c8-471c-91fe-09c7fd8acc81,diode,98,316,104,334
e25d1c23-b3c8-471c-91fe-09c7fd8acc81,diode,102,297,108,313
e25d1c23-b3c8-471c-91fe-09c7fd8acc81,diode,322,209,328,222
e25d1c23-b3c8-471c-91fe-09c7fd8acc81,diode,218,217,223,230
e25d1c23-b3c8-471c-91fe-09c7fd8acc81,diode,330,208,335,222
e25d1c23-b3c8-471c-91fe-09c7fd8acc81,diode,146,340,152,358
e25d1c23-b3c8-471c-91fe-09c7fd8acc81,diode,178,138,182,149
e25d1c23-b3c8-471c-91fe-09c7fd8acc81,diode,82,225,87,239
e25d1c23-b3c8-471c-91fe-09c7fd8acc81,diode,105,223,109,237
e25d1c23-b3c8-471c-91fe-09c7fd8acc81,diode,102,166,106,177
e25d1c23-b3c8-471c-91fe-09c7fd8acc81,diode,274,154,279,165
e25d1c23-b3c8-471c-91fe-09c7fd8acc81,diode,116,343,123,361
e25d1c23-b3c8-471c-91fe-09c7fd8acc81,diode,208,217,213,230
e25d1c23-b3c8-471c-91fe-09c7fd8acc81,diode,345,223,351,238
e25d1c23-b3c8-471c-91fe-09c7fd8acc81,diode,226,216,231,229
e25d1c23-b3c8-471c-91fe-09c7fd8acc81,diode,277,226,282,240
e4448e1b-10b8-4472-bd9d-246c16ed6d50,no_defect,-1,-1,-1,-1
e5b3bc92-5004-44ac-acb8-1e5eb88f02ed,hotspot,288,101,294,110
e5b3bc92-5004-44ac-acb8-1e5eb88f02ed,hotspot,290,125,296,134
e5d2f513-e084-4da3-9c61-8da5bd9e5123,hotspot,102,352,159,415
e5d2f513-e084-4da3-9c61-8da5bd9e5123,hotspot,182,77,216,105
e9cb052d-d8c4-47f9-8788-6357f481eaa9,hotspot,50,328,105,381
e9cb052d-d8c4-47f9-8788-6357f481eaa9,hotspot,187,107,217,134
f5df3854-5a47-474f-8aa6-a993284565c7,diode,183,180,190,199
f8526f8a-4e16-4e36-b2c0-26d765ae319a,diode,417,219,436,234
f8526f8a-4e16-4e36-b2c0-26d765ae319a,diode,436,221,464,235
f8526f8a-4e16-4e36-b2c0-26d765ae319a,diode,433,182,464,195
f8526f8a-4e16-4e36-b2c0-26d765ae319a,diode,418,221,452,235
f8526f8a-4e16-4e36-b2c0-26d765ae319a,diode,426,182,461,195
f8526f8a-4e16-4e36-b2c0-26d765ae319a,diode,423,214,466,231
f8526f8a-4e16-4e36-b2c0-26d765ae319a,diode,435,209,464,222
f8526f8a-4e16-4e36-b2c0-26d765ae319a,diode,417,209,433,227
f8526f8a-4e16-4e36-b2c0-26d765ae319a,diode,417,215,445,230
f8526f8a-4e16-4e36-b2c0-26d765ae319a,diode,444,223,465,235
f8526f8a-4e16-4e36-b2c0-26d765ae319a,diode,424,209,452,224
f8526f8a-4e16-4e36-b2c0-26d765ae319a,diode,420,156,457,170
f8526f8a-4e16-4e36-b2c0-26d765ae319a,diode,419,182,432,195
f8526f8a-4e16-4e36-b2c0-26d765ae319a,diode,470,220,477,232
f8526f8a-4e16-4e36-b2c0-26d765ae319a,diode,438,184,465,198
f8526f8a-4e16-4e36-b2c0-26d765ae319a,diode,419,192,432,205
ff703ed9-898d-46a5-a66d-bae1fe0accbf,hotspot,98,340,155,410
ff703ed9-898d-46a5-a66d-bae1fe0accbf,hotspot,175,59,210,88
